season,team_id,team_name,owners,confidence,source
2017,1,Tom's Deflated Balls,Tomotaka Cho,confirmed,ESPN authenticated team menu
2017,2,The Ballad of Younghoe Koo,Tim Harris,confirmed,ESPN authenticated team menu
2017,3,KAREEM THE DREAM,Abraham Hill,confirmed,ESPN authenticated team menu
2017,4,Acute Gronkitis,Jackson Herz,confirmed,ESPN authenticated team menu
2017,5,Team Eckler,Drew Eckler · Andrew Eckler,confirmed,ESPN authenticated team menu
2017,6,Rigga Please,Jack Coffman,confirmed,ESPN authenticated team menu
2017,7,The Juice Is Loose,John Olson,confirmed,ESPN authenticated team menu
2017,8,Rex On Rex,Liam Rex,confirmed,ESPN authenticated team menu
2017,9,Team Seattle,Sam Kumar,confirmed,ESPN authenticated team menu
2017,10,Team Subbukumar,Seamus Mulcahy,confirmed,ESPN authenticated team menu
2017,11,THE EMPIRE DID NOTHING WRONG!1,Daniel Meyer,confirmed,ESPN authenticated team menu
2017,12,Team Ryan,Tim Ryan · Paul Ryan,confirmed,ESPN authenticated team menu
