season,final_place,team_name,wins,losses,ties,finish
2025,1,Pukana Matatas,10,4,0,Champion
2025,2,Rex On Rex,8,6,0,Runner-up
2025,3,Wet Willies,7,7,0,Third
2025,4,OnlyFannins,9,5,0,
2025,5,Eat The Boutte Like Groceries,7,7,0,
2025,6,Juulio Jones,7,7,0,
2025,7,Team Rex,6,8,0,
2025,8,Two-Point Conversion Therapy,5,9,0,
2025,9,Meet The Robinson's,6,8,0,
2025,10,Kittle League,6,8,0,
2025,11,Shayshawn Broccoli,7,7,0,
2025,12,Goff Balls,6,8,0,
2024,1,Juulio Jones,8,6,0,Champion
2024,2,Team Rex,8,6,0,Runner-up
2024,3,Goff Balls,9,5,0,Third
2024,4,Pulled McCaff,10,4,0,
2024,5,Rex On Rex,8,6,0,
2024,6,DK's Adventures,7,7,0,
2024,7,LaPorta John,6,8,0,
2024,8,Wet Willies,7,7,0,
2024,9,THE EMPIRE DID NOTHING WRONG!1,5,9,0,
2024,10,Moore Than A. Thielen,6,8,0,
2024,11,Phresh Meat,5,9,0,
2024,12,Hall of Heroes,5,9,0,
2023,1,Bed Bath and Bijan,10,4,0,Champion
2023,2,Hurts Rent a Carr,8,6,0,Runner-up
2023,3,Your Wildest Fantasy (Football),9,5,0,Third
2023,4,Team Rex,10,4,0,
2023,5,Rex On Rex,7,7,0,
2023,6,The Ascension To Evan(s),7,7,0,
2023,7,THE EMPIRE DID NOTHING WRONG!1,7,7,0,
2023,8,Judge Jeudy,5,9,0,
2023,9,Team Goff Balls,7,7,0,
2023,10,Team Ryan,5,9,0,
2023,11,Juulio Jones,5,9,0,
2023,12,The Adams Family,4,10,0,
2022,1,Violence Of The Lambs,9,5,0,Champion
2022,2,Rex On Rex,7,7,0,Runner-up
2022,3,THE EMPIRE DID NOTHING WRONG!1,9,5,0,Third
2022,4,Allen Wrenches,9,5,0,
2022,5,Team Ryan,7,7,0,
2022,6,Team Goff Balls,7,7,0,
2022,7,Drake @ London O2,7,7,0,
2022,8,Team Seattle,7,7,0,
2022,9,THE 🅱️AKE SHOW,6,8,0,
2022,10,Hunter Gatherer,5,9,0,
2022,11,Juulio Jones,6,8,0,
2022,12,Diggs In a Blanket,5,9,0,
2021,1,Juulio Jones,10,4,0,Champion
2021,2,Storm Coopers,13,1,0,Runner-up
2021,3,The Juice Is Loose,8,6,0,Third
2021,4,Team Goff Balls,7,7,0,
2021,5,Rex On Rex,8,6,0,
2021,6,cancelled -,7,7,0,
2021,7,Team Ryan,6,8,0,
2021,8,THE EMPIRE DID NOTHING WRONG!1,6,8,0,
2021,9,Electric Bass,5,9,0,
2021,10,Team Seattle,5,9,0,
2021,11,Justin Herbert,4,10,0,
2021,12,THE 🅱️AKE SHOW,5,9,0,
2020,1,Rex On Rex,9,4,0,Champion
2020,2,The Juice Is Loose,9,4,0,Runner-up
2020,3,THE EMPIRE DID NOTHING WRONG!1,9,4,0,Third
2020,4,Juulio Jones,9,4,0,
2020,5,Whats up Mahomie,7,6,0,
2020,6,THE 🅱️AKE SHOW,9,4,0,
2020,7,Davante's Inferno,6,7,0,
2020,8,Team Seattle,3,10,0,
2020,9,Rigga Please,5,8,0,
2020,10,Team Ryan,2,11,0,
2020,11,Team Goff Balls,6,7,0,
2020,12,Ninth Circle of Helaire,4,9,0,
2019,1,The Bake Show,8,5,0,Champion
2019,2,Team Goff Balls,8,4,1,Runner-up
2019,3,Team Ryan,8,5,0,Third
2019,4,THE EMPIRE DID NOTHING WRONG!1,11,2,0,
2019,5,The Guice Is Loose,8,5,0,
2019,6,The Juice Is Loose,7,5,1,
2019,7,David Ants In My Eyes Johnson,5,8,0,
2019,8,Rex On Rex,6,7,0,
2019,9,Danny Dimes,5,8,0,
2019,10,Team Seattle,4,9,0,
2019,11,Rigga Please,4,9,0,
2019,12,Juulio Jones,3,10,0,
2018,1,THE EMPIRE DID NOTHING WRONG!1,9,4,0,Champion
2018,2,Team Goff Balls,8,5,0,Runner-up
2018,3,The Bake Show,10,2,1,Third
2018,4,Rex On Rex,9,4,0,
2018,5,The Juice Is Loose,8,5,0,
2018,6,Tom's Deflated Balls,9,4,0,
2018,7,Rigga Please,7,6,0,
2018,8,Team Seattle,0,13,0,
2018,9,The Ballad of Younghoe Koo,6,7,0,
2018,10,Team Ryan,3,10,0,
2018,11,Newton's Law of Winning,7,5,1,
2018,12,Juulio Jones,1,12,0,
2017,1,The Ballad of Younghoe Koo,11,3,0,Champion
2017,2,Tom's Deflated Balls,8,6,0,Runner-up
2017,3,Rigga Please,9,5,0,Third
2017,4,KAREEM THE DREAM,10,4,0,
2017,5,Rex On Rex,8,6,0,
2017,6,The Juice Is Loose,9,5,0,
2017,7,Team Seattle,3,11,0,
2017,8,Acute Gronkitis,5,9,0,
2017,9,Team Ryan,7,7,0,
2017,10,Team Eckler,2,12,0,
2017,11,THE EMPIRE DID NOTHING WRONG!1,7,7,0,
2017,12,Team Subbukumar,5,9,0,
