season,espn_team_id,team_name,owners_displayed_by_espn
2017,1,Tom's Deflated Balls,Tomotaka Cho
2017,2,The Ballad of Younghoe Koo,Tim Harris
2017,3,KAREEM THE DREAM,Abraham Hill
2017,4,Acute Gronkitis,Jackson Herz
2017,5,Team Eckler,Drew Eckler | Andrew Eckler
2017,6,Rigga Please,Jack Coffman
2017,7,The Juice Is Loose,John Olson
2017,8,Rex On Rex,Liam Rex
2017,9,Team Seattle,Sam Kumar
2017,10,Team Subbukumar,Seamus Mulcahy
2017,11,THE EMPIRE DID NOTHING WRONG!1,Daniel Meyer
2017,12,Team Ryan,Tim Ryan | Paul Ryan
2018,1,Tom's Deflated Balls,Tomotaka Cho
2018,2,The Ballad of Younghoe Koo,Tim Harris
2018,3,The Bake Show,Tom Cummins
2018,4,Newtonâs Law of Winning,Jackson Herz
2018,5,Team Goff Balls,Drew Eckler | Andrew Eckler
2018,6,Rigga Please,Jack Coffman
2018,7,The Juice Is Loose,John Olson
2018,8,Rex On Rex,Liam Rex
2018,9,Team Seattle,Sam Kumar
2018,10,Juulio Jones,Seamus Mulcahy
2018,11,THE EMPIRE DID NOTHING WRONG!1,Daniel Meyer
2018,12,Team Ryan,Tim Ryan | Paul Ryan
2019,1,Danny Dimes,Tomotaka Cho
2019,2,The Guice Is Loose,Tim Harris
2019,3,The Bake Show,Tom Cummins
2019,4,David Ants In My Eyes Johnson,Jackson Herz
2019,5,Team Goff Balls,Drew Eckler | Andrew Eckler
2019,6,Rigga Please,Jack Coffman
2019,7,The Juice Is Loose,John Olson
2019,8,Rex On Rex,Liam Rex
2019,9,Team Seattle,Sam Kumar
2019,10,Juulio Jones,Seamus Mulcahy
2019,11,THE EMPIRE DID NOTHING WRONG!1,Daniel Meyer
2019,12,Team Ryan,Tim Ryan | Paul Ryan
2020,1,Whats up Mahomie,Tomotaka Cho
2020,2,Ninth Circle of Helaire,Tim Harris
2020,3,THE 🅱️AKE SHOW,Tom Cummins
2020,4,Davante's Inferno,Jackson Herz
2020,5,Team Goff Balls,Drew Eckler | Andrew Eckler
2020,6,Rigga Please,Jack Coffman
2020,7,The Juice Is Loose,John Olson
2020,8,Rex On Rex,Liam Rex
2020,9,Team Seattle,Sam Kumar
2020,10,Juulio Jones,Seamus Mulcahy
2020,11,THE EMPIRE DID NOTHING WRONG!1,Daniel Meyer
2020,12,Team Ryan,Tim Ryan | Paul Ryan
2021,1,Justin Herbert,Tomotaka Cho
2021,2,Electric Bass,Tim Harris
2021,3,THE 🅱️AKE SHOW,Tom Cummins
2021,4,Storm Coopers,Jackson Herz
2021,5,Team Goff Balls,Drew Eckler | Andrew Eckler
2021,6,cancelled -,Jack Coffman
2021,7,The Juice Is Loose,John Olson
2021,8,Rex On Rex,Liam Rex
2021,9,Team Seattle,Sam Kumar
2021,10,Juulio Jones,Seamus Mulcahy
2021,11,THE EMPIRE DID NOTHING WRONG!1,Daniel Meyer
2021,12,Team Ryan,Tim Ryan | Paul Ryan
2022,1,Drake @ London O2,Tomotaka Cho
2022,2,Allen Wrenches,Tim Harris
2022,3,THE 🅱️AKE SHOW,Tom Cummins
2022,4,Violence Of The Lambs,Jackson Herz
2022,5,Team Goff Balls,Drew Eckler | Andrew Eckler
2022,6,Diggs In a Blanket,Jack Coffman
2022,7,Hunter Gatherer,John Olson
2022,8,Rex On Rex,Liam Rex
2022,9,Team Seattle,Sam Kumar
2022,10,Juulio Jones,Seamus Mulcahy
2022,11,THE EMPIRE DID NOTHING WRONG!1,Daniel Meyer
2022,12,Team Ryan,Tim Ryan | Paul Ryan
2023,1,Your Wildest Fantasy (Football),Tomotaka Cho | Will Cordonnier
2023,2,Hurts Rent a Carr,Tim Harris
2023,3,Team Rex,Peter Rex
2023,4,The Ascension To Evan(s),Jackson Herz
2023,5,Team Goff Balls,Drew Eckler | Andrew Eckler
2023,6,Bed Bath and Bijan,Jack Coffman
2023,7,Judge Jeudy,John Olson
2023,8,Rex On Rex,Liam Rex
2023,9,The Adams Family,Sam Kumar
2023,10,Juulio Jones,Seamus Mulcahy
2023,11,THE EMPIRE DID NOTHING WRONG!1,Daniel Meyer
2023,12,Team Ryan,Tim Ryan | Paul Ryan
2024,1,DK's Adventures,Tomotaka Cho
2024,2,Moore Than A. Thielen,Tim Harris
2024,3,Team Rex,Peter Rex
2024,4,Hall of Heroes,Jackson Herz
2024,5,Goff Balls,Drew Eckler | Andrew Eckler
2024,6,Pulled McCaff,Jack Coffman
2024,7,LaPorta John,John Olson
2024,8,Rex On Rex,Liam Rex
2024,9,Phresh Meat,Parker Sikora
2024,10,Juulio Jones,Seamus Mulcahy
2024,11,THE EMPIRE DID NOTHING WRONG!1,Daniel Meyer
2024,12,Wet Willies,Will Cordonnier
2025,1,Meet The Robinson's,Tomotaka Cho
2025,2,Eat The Boutte Like Groceries,Tim Harris
2025,3,Team Rex,Peter Rex
2025,4,Pukana Matatas,Jackson Herz
2025,5,Goff Balls,Drew Eckler | Andrew Eckler
2025,6,OnlyFannins,Jack Coffman
2025,7,Kittle League,John Olson
2025,8,Rex On Rex,Liam Rex
2025,9,Two-Point Conversion Therapy,Parker Sikora
2025,10,Juulio Jones,Seamus Mulcahy
2025,11,Shayshawn Broccoli,Ethan Ashley
2025,12,Wet Willies,Will Cordonnier
2026,1,You May Kiss McBride,Tomotaka Cho
2026,2,Peloton Pickens,Tim Harris
2026,3,Gibbs Me Moore,Peter Rex
2026,4,Jacks On - Jax Off,Jackson Herz
2026,5,McConkey Kong,Drew Eckler | Andrew Eckler
2026,6,The Price is Wrong,Jack Coffman
2026,7,Kittle League,John Olson
2026,8,Rex On Rex,Liam Rex
2026,9,Love Hurts,Parker Sikora
2026,10,Juulio Jones,Seamus Mulcahy
2026,11,Shayshawn Broccoli,Ethan Ashley
2026,12,Wet Willies,Will Cordonnier
