season,tier,round_index,round_label,game_index,period,game_info,bye,team_1_seed,team_1_id,team_1_name,team_1_score,team_1_result,team_2_seed,team_2_id,team_2_name,team_2_score,team_2_result
2017,WINNER'S BRACKET,1,ROUND 1 | NFL WEEK 15,1,,,True,1,2,The Ballad of Younghoe Koo,,L,,,BYE,,L
2017,WINNER'S BRACKET,1,ROUND 1 | NFL WEEK 15,2,,,False,5,7,The Juice Is Loose,119.14,L,4,6,Rigga Please,179.48,W
2017,WINNER'S BRACKET,1,ROUND 1 | NFL WEEK 15,3,,,False,6,1,Tom's Deflated Balls,154.24,W,3,8,Rex On Rex,141.96,L
2017,WINNER'S BRACKET,1,ROUND 1 | NFL WEEK 15,4,,,True,2,3,KAREEM THE DREAM,,L,,,BYE,,L
2017,WINNER'S BRACKET,2,ROUND 2 | NFL WEEK 16,1,,,False,4,6,Rigga Please,127.12,L,1,2,The Ballad of Younghoe Koo,144.6,W
2017,WINNER'S BRACKET,2,ROUND 2 | NFL WEEK 16,2,,,False,6,1,Tom's Deflated Balls,126.56,W,2,3,KAREEM THE DREAM,113.8,L
2017,WINNER'S BRACKET,3,CHAMPIONSHIP | NFL WEEK 17,1,,,False,6,1,Tom's Deflated Balls,101.5,L,1,2,The Ballad of Younghoe Koo,133.06,W
2017,WINNER'S CONSOLATION LADDER,2,ROUND 3 | NFL WEEK 17,1,,,False,5,7,The Juice Is Loose,108.66,W,3,8,Rex On Rex,97.68,L
2017,WINNER'S CONSOLATION LADDER,3,,1,,,False,4,6,Rigga Please,112.18,W,2,3,KAREEM THE DREAM,94.9,L
2017,WINNER'S CONSOLATION LADDER,3,,2,,,False,5,7,The Juice Is Loose,95.52,L,3,8,Rex On Rex,112.22,W
2017,CONSOLATION LADDER,1,ROUND 1 | NFL WEEK 15,1,,"GmC1 - W to GmC4, L to GmC5",False,8,12,Team Ryan,91.04,W,7,11,THE EMPIRE DID NOTHING WRONG!1,80.62,L
2017,CONSOLATION LADDER,1,ROUND 1 | NFL WEEK 15,2,,"GmC2 - W to GmC4, L to GmC6",False,10,4,Acute Gronkitis,114.38,W,9,10,Team Subbukumar,55.78,L
2017,CONSOLATION LADDER,1,ROUND 1 | NFL WEEK 15,3,,"GmC3 - W to GmC5, L to GmC6",False,12,5,Team Eckler,67.32,L,11,9,Team Seattle,98.48,W
2017,CONSOLATION LADDER,2,ROUND 2 | NFL WEEK 16,1,,"GmC4 - W to GmC7, L to GmC8",False,10,4,Acute Gronkitis,114.64,W,8,12,Team Ryan,85.1,L
2017,CONSOLATION LADDER,2,ROUND 2 | NFL WEEK 16,2,,"GmC5 - W to GmC7, L to GmC9",False,11,9,Team Seattle,109.42,W,7,11,THE EMPIRE DID NOTHING WRONG!1,87.86,L
2017,CONSOLATION LADDER,2,ROUND 2 | NFL WEEK 16,3,,"GmC6 - W to GmC8, L to GmC9",False,12,5,Team Eckler,81.42,W,9,10,Team Subbukumar,39.02,L
2017,CONSOLATION LADDER,3,ROUND 3 | NFL WEEK 17,1,,GmC7,False,11,9,Team Seattle,117.94,W,10,4,Acute Gronkitis,117.28,L
2017,CONSOLATION LADDER,3,ROUND 3 | NFL WEEK 17,2,,GmC8,False,12,5,Team Eckler,114.38,L,8,12,Team Ryan,137.92,W
2017,CONSOLATION LADDER,3,ROUND 3 | NFL WEEK 17,3,,GmC9,False,9,10,Team Subbukumar,76.02,L,7,11,THE EMPIRE DID NOTHING WRONG!1,102.5,W
2018,WINNER'S BRACKET,1,ROUND 1 | NFL WEEK 14,1,,,True,1,3,The Bake Show,,L,,,BYE,,L
2018,WINNER'S BRACKET,1,ROUND 1 | NFL WEEK 14,2,,,False,5,1,Tom's Deflated Balls,104,L,4,11,THE EMPIRE DID NOTHING WRONG!1,112,W
2018,WINNER'S BRACKET,1,ROUND 1 | NFL WEEK 14,3,,,False,6,5,Team Goff Balls,107,W,3,7,The Juice Is Loose,101,L
2018,WINNER'S BRACKET,1,ROUND 1 | NFL WEEK 14,4,,,True,2,8,Rex On Rex,,L,,,BYE,,L
2018,WINNER'S BRACKET,2,ROUND 2 | NFL WEEK 15,1,,,False,4,11,THE EMPIRE DID NOTHING WRONG!1,112,W,1,3,The Bake Show,101,L
2018,WINNER'S BRACKET,2,ROUND 2 | NFL WEEK 15,2,,,False,6,5,Team Goff Balls,106,W,2,8,Rex On Rex,105,L
2018,WINNER'S BRACKET,3,CHAMPIONSHIP | NFL WEEK 16,1,,,False,6,5,Team Goff Balls,103,L,4,11,THE EMPIRE DID NOTHING WRONG!1,177,W
2018,WINNER'S CONSOLATION LADDER,2,ROUND 3 | NFL WEEK 16,1,,,False,5,1,Tom's Deflated Balls,121,W,3,7,The Juice Is Loose,63,L
2018,WINNER'S CONSOLATION LADDER,3,,1,,,False,2,8,Rex On Rex,131,L,1,3,The Bake Show,153,W
2018,WINNER'S CONSOLATION LADDER,3,,2,,,False,5,1,Tom's Deflated Balls,91,L,3,7,The Juice Is Loose,141,W
2018,CONSOLATION LADDER,1,ROUND 1 | NFL WEEK 14,1,,"GmC1 - W to GmC4, L to GmC5",False,8,6,Rigga Please,115,W,7,4,Newtonâs Law of Winning,73,L
2018,CONSOLATION LADDER,1,ROUND 1 | NFL WEEK 14,2,,"GmC2 - W to GmC4, L to GmC6",False,10,12,Team Ryan,151,W,9,2,The Ballad of Younghoe Koo,121,L
2018,CONSOLATION LADDER,1,ROUND 1 | NFL WEEK 14,3,,"GmC3 - W to GmC5, L to GmC6",False,12,9,Team Seattle,138,W,11,10,Juulio Jones,51,L
2018,CONSOLATION LADDER,2,ROUND 2 | NFL WEEK 15,1,,"GmC4 - W to GmC7, L to GmC8",False,10,12,Team Ryan,91,L,8,6,Rigga Please,109,W
2018,CONSOLATION LADDER,2,ROUND 2 | NFL WEEK 15,2,,"GmC5 - W to GmC7, L to GmC9",False,12,9,Team Seattle,103,W,7,4,Newtonâs Law of Winning,100,L
2018,CONSOLATION LADDER,2,ROUND 2 | NFL WEEK 15,3,,"GmC6 - W to GmC8, L to GmC9",False,11,10,Juulio Jones,34,L,9,2,The Ballad of Younghoe Koo,87,W
2018,CONSOLATION LADDER,3,ROUND 3 | NFL WEEK 16,1,,GmC7,False,12,9,Team Seattle,69,L,8,6,Rigga Please,118,W
2018,CONSOLATION LADDER,3,ROUND 3 | NFL WEEK 16,2,,GmC8,False,10,12,Team Ryan,111,L,9,2,The Ballad of Younghoe Koo,112,W
2018,CONSOLATION LADDER,3,ROUND 3 | NFL WEEK 16,3,,GmC9,False,11,10,Juulio Jones,63,L,7,4,Newtonâs Law of Winning,97,W
2019,WINNER'S BRACKET,1,ROUND 1 | NFL WEEK 14,1,14,,True,1,11,THE EMPIRE DID NOTHING WRONG!1,,L,,,BYE,,L
2019,WINNER'S BRACKET,1,ROUND 1 | NFL WEEK 14,2,14,,False,5,3,The Bake Show,135,W,4,2,The Guice Is Loose,98,L
2019,WINNER'S BRACKET,1,ROUND 1 | NFL WEEK 14,3,14,,False,6,7,The Juice Is Loose,76,L,3,12,Team Ryan,181,W
2019,WINNER'S BRACKET,1,ROUND 1 | NFL WEEK 14,4,14,,True,2,5,Team Goff Balls,,L,,,BYE,,L
2019,WINNER'S BRACKET,2,ROUND 2 | NFL WEEK 15,1,15,,False,5,3,The Bake Show,128,W,1,11,THE EMPIRE DID NOTHING WRONG!1,73,L
2019,WINNER'S BRACKET,2,ROUND 2 | NFL WEEK 15,2,15,,False,3,12,Team Ryan,135,L,2,5,Team Goff Balls,135,W
2019,WINNER'S BRACKET,3,CHAMPIONSHIP | NFL WEEK 16,1,16,,False,5,3,The Bake Show,114,W,2,5,Team Goff Balls,98,L
2019,WINNER'S CONSOLATION LADDER,2,ROUND 3 | NFL WEEK 16,1,15,,False,6,7,The Juice Is Loose,111,L,4,2,The Guice Is Loose,137,W
2019,WINNER'S CONSOLATION LADDER,3,,1,16,,False,3,12,Team Ryan,136,W,1,11,THE EMPIRE DID NOTHING WRONG!1,97,L
2019,WINNER'S CONSOLATION LADDER,3,,2,16,,False,6,7,The Juice Is Loose,91,L,4,2,The Guice Is Loose,96,W
2019,CONSOLATION LADDER,1,ROUND 1 | NFL WEEK 14,1,14,"GmC1 - W to GmC4, L to GmC5",False,8,4,David Ants In My Eyes Johnson,129,W,7,8,Rex On Rex,71,L
2019,CONSOLATION LADDER,1,ROUND 1 | NFL WEEK 14,2,14,"GmC2 - W to GmC4, L to GmC6",False,10,9,Team Seattle,89,L,9,1,Danny Dimes,91,W
2019,CONSOLATION LADDER,1,ROUND 1 | NFL WEEK 14,3,14,"GmC3 - W to GmC5, L to GmC6",False,12,10,Juulio Jones,66,L,11,6,Rigga Please,136,W
2019,CONSOLATION LADDER,2,ROUND 2 | NFL WEEK 15,1,15,"GmC4 - W to GmC7, L to GmC8",False,9,1,Danny Dimes,61,L,8,4,David Ants In My Eyes Johnson,99,W
2019,CONSOLATION LADDER,2,ROUND 2 | NFL WEEK 15,2,15,"GmC5 - W to GmC7, L to GmC9",False,11,6,Rigga Please,126,L,7,8,Rex On Rex,129,W
2019,CONSOLATION LADDER,2,ROUND 2 | NFL WEEK 15,3,15,"GmC6 - W to GmC8, L to GmC9",False,12,10,Juulio Jones,69,L,10,9,Team Seattle,131,W
2019,CONSOLATION LADDER,3,ROUND 3 | NFL WEEK 16,1,16,GmC7,False,8,4,David Ants In My Eyes Johnson,100,W,7,8,Rex On Rex,77,L
2019,CONSOLATION LADDER,3,ROUND 3 | NFL WEEK 16,2,16,GmC8,False,10,9,Team Seattle,106,L,9,1,Danny Dimes,129,W
2019,CONSOLATION LADDER,3,ROUND 3 | NFL WEEK 16,3,16,GmC9,False,12,10,Juulio Jones,79,L,11,6,Rigga Please,109,W
2020,WINNER'S BRACKET,1,ROUND 1 | NFL WEEK 14,1,14,,True,1,8,Rex On Rex,,L,,,BYE,,L
2020,WINNER'S BRACKET,1,ROUND 1 | NFL WEEK 14,2,14,,False,5,10,Juulio Jones,147.82,W,4,3,THE 🅱️AKE SHOW,125.96,L
2020,WINNER'S BRACKET,1,ROUND 1 | NFL WEEK 14,3,14,,False,6,1,Whats up Mahomie,119.22,L,3,11,THE EMPIRE DID NOTHING WRONG!1,120.52,W
2020,WINNER'S BRACKET,1,ROUND 1 | NFL WEEK 14,4,14,,True,2,7,The Juice Is Loose,,L,,,BYE,,L
2020,WINNER'S BRACKET,2,ROUND 2 | NFL WEEK 15,1,15,,False,5,10,Juulio Jones,100.22,L,1,8,Rex On Rex,135.82,W
2020,WINNER'S BRACKET,2,ROUND 2 | NFL WEEK 15,2,15,,False,3,11,THE EMPIRE DID NOTHING WRONG!1,146.56,L,2,7,The Juice Is Loose,147.04,W
2020,WINNER'S BRACKET,3,CHAMPIONSHIP | NFL WEEK 16,1,16,,False,2,7,The Juice Is Loose,83.68,L,1,8,Rex On Rex,190.74,W
2020,WINNER'S CONSOLATION LADDER,2,ROUND 3 | NFL WEEK 16,1,15,,False,6,1,Whats up Mahomie,144.66,W,4,3,THE 🅱️AKE SHOW,127.14,L
2020,WINNER'S CONSOLATION LADDER,3,,1,16,,False,5,10,Juulio Jones,109.32,L,3,11,THE EMPIRE DID NOTHING WRONG!1,135.5,W
2020,WINNER'S CONSOLATION LADDER,3,,2,16,,False,6,1,Whats up Mahomie,125.92,W,4,3,THE 🅱️AKE SHOW,113.8,L
2020,CONSOLATION LADDER,1,ROUND 1 | NFL WEEK 14,1,14,"GmC1 - W to GmC4, L to GmC5",False,8,4,Davante's Inferno,94.98,W,7,5,Team Goff Balls,62.2,L
2020,CONSOLATION LADDER,1,ROUND 1 | NFL WEEK 14,2,14,"GmC2 - W to GmC4, L to GmC6",False,10,2,Ninth Circle of Helaire,78.56,L,9,6,Rigga Please,132.32,W
2020,CONSOLATION LADDER,1,ROUND 1 | NFL WEEK 14,3,14,"GmC3 - W to GmC5, L to GmC6",False,12,12,Team Ryan,112.38,L,11,9,Team Seattle,119.54,W
2020,CONSOLATION LADDER,2,ROUND 2 | NFL WEEK 15,1,15,"GmC4 - W to GmC7, L to GmC8",False,9,6,Rigga Please,114.26,L,8,4,Davante's Inferno,153.92,W
2020,CONSOLATION LADDER,2,ROUND 2 | NFL WEEK 15,2,15,"GmC5 - W to GmC7, L to GmC9",False,11,9,Team Seattle,86.84,W,7,5,Team Goff Balls,65.84,L
2020,CONSOLATION LADDER,2,ROUND 2 | NFL WEEK 15,3,15,"GmC6 - W to GmC8, L to GmC9",False,12,12,Team Ryan,105.7,W,10,2,Ninth Circle of Helaire,105.42,L
2020,CONSOLATION LADDER,3,ROUND 3 | NFL WEEK 16,1,16,GmC7,False,11,9,Team Seattle,121.2,L,8,4,Davante's Inferno,154.98,W
2020,CONSOLATION LADDER,3,ROUND 3 | NFL WEEK 16,2,16,GmC8,False,12,12,Team Ryan,81,L,9,6,Rigga Please,121.24,W
2020,CONSOLATION LADDER,3,ROUND 3 | NFL WEEK 16,3,16,GmC9,False,10,2,Ninth Circle of Helaire,73.56,L,7,5,Team Goff Balls,111.24,W
2021,WINNER'S BRACKET,1,ROUND 1 | NFL WEEK 15,1,15,,True,1,4,Storm Coopers,,L,,,BYE,,L
2021,WINNER'S BRACKET,1,ROUND 1 | NFL WEEK 15,2,15,,False,5,6,cancelled -,78.72,L,4,7,The Juice Is Loose,92.9,W
2021,WINNER'S BRACKET,1,ROUND 1 | NFL WEEK 15,3,15,,False,6,5,Team Goff Balls,111.38,W,3,8,Rex On Rex,103.28,L
2021,WINNER'S BRACKET,1,ROUND 1 | NFL WEEK 15,4,15,,True,2,10,Juulio Jones,,L,,,BYE,,L
2021,WINNER'S BRACKET,2,ROUND 2 | NFL WEEK 16,1,16,,False,4,7,The Juice Is Loose,98.92,L,1,4,Storm Coopers,140.46,W
2021,WINNER'S BRACKET,2,ROUND 2 | NFL WEEK 16,2,16,,False,6,5,Team Goff Balls,89.1,L,2,10,Juulio Jones,121.4,W
2021,WINNER'S BRACKET,3,CHAMPIONSHIP | NFL WEEK 17,1,17,,False,2,10,Juulio Jones,140.44,W,1,4,Storm Coopers,134.36,L
2021,WINNER'S CONSOLATION LADDER,2,ROUND 3 | NFL WEEK 17,1,16,,False,5,6,cancelled -,147.98,W,3,8,Rex On Rex,111.2,L
2021,WINNER'S CONSOLATION LADDER,3,,1,17,,False,6,5,Team Goff Balls,84.08,L,4,7,The Juice Is Loose,160.46,W
2021,WINNER'S CONSOLATION LADDER,3,,2,17,,False,5,6,cancelled -,102.32,L,3,8,Rex On Rex,136.02,W
2021,CONSOLATION LADDER,1,ROUND 1 | NFL WEEK 15,1,15,"GmC1 - W to GmC4, L to GmC5",False,8,11,THE EMPIRE DID NOTHING WRONG!1,36.44,L,7,12,Team Ryan,92.92,W
2021,CONSOLATION LADDER,1,ROUND 1 | NFL WEEK 15,2,15,"GmC2 - W to GmC4, L to GmC6",False,10,9,Team Seattle,92.4,L,9,2,Electric Bass,92.56,W
2021,CONSOLATION LADDER,1,ROUND 1 | NFL WEEK 15,3,15,"GmC3 - W to GmC5, L to GmC6",False,12,1,Justin Herbert,62.54,W,11,3,THE 🅱️AKE SHOW,52.98,L
2021,CONSOLATION LADDER,2,ROUND 2 | NFL WEEK 16,1,16,"GmC4 - W to GmC7, L to GmC8",False,9,2,Electric Bass,70.78,L,7,12,Team Ryan,104.46,W
2021,CONSOLATION LADDER,2,ROUND 2 | NFL WEEK 16,2,16,"GmC5 - W to GmC7, L to GmC9",False,12,1,Justin Herbert,48.64,L,8,11,THE EMPIRE DID NOTHING WRONG!1,79.94,W
2021,CONSOLATION LADDER,2,ROUND 2 | NFL WEEK 16,3,16,"GmC6 - W to GmC8, L to GmC9",False,11,3,THE 🅱️AKE SHOW,90.8,L,10,9,Team Seattle,100.06,W
2021,CONSOLATION LADDER,3,ROUND 3 | NFL WEEK 17,1,17,GmC7,False,8,11,THE EMPIRE DID NOTHING WRONG!1,96.34,L,7,12,Team Ryan,106.5,W
2021,CONSOLATION LADDER,3,ROUND 3 | NFL WEEK 17,2,17,GmC8,False,10,9,Team Seattle,88.5,L,9,2,Electric Bass,130.2,W
2021,CONSOLATION LADDER,3,ROUND 3 | NFL WEEK 17,3,17,GmC9,False,12,1,Justin Herbert,99.78,W,11,3,THE 🅱️AKE SHOW,82.24,L
2022,WINNER'S BRACKET,1,ROUND 1 | NFL WEEK 15,1,15,,True,1,2,Allen Wrenches,,L,,,BYE,,L
2022,WINNER'S BRACKET,1,ROUND 1 | NFL WEEK 15,2,15,,False,5,8,Rex On Rex,150.12,W,4,5,Team Goff Balls,124.18,L
2022,WINNER'S BRACKET,1,ROUND 1 | NFL WEEK 15,3,15,,False,6,12,Team Ryan,95.06,L,3,4,Violence Of The Lambs,115.9,W
2022,WINNER'S BRACKET,1,ROUND 1 | NFL WEEK 15,4,15,,True,2,11,THE EMPIRE DID NOTHING WRONG!1,,L,,,BYE,,L
2022,WINNER'S BRACKET,2,ROUND 2 | NFL WEEK 16,1,16,,False,5,8,Rex On Rex,93.1,W,1,2,Allen Wrenches,71.28,L
2022,WINNER'S BRACKET,2,ROUND 2 | NFL WEEK 16,2,16,,False,3,4,Violence Of The Lambs,127.8,W,2,11,THE EMPIRE DID NOTHING WRONG!1,100.14,L
2022,WINNER'S BRACKET,3,CHAMPIONSHIP | NFL WEEK 17,1,17,,False,5,8,Rex On Rex,75.36,L,3,4,Violence Of The Lambs,117.9,W
2022,WINNER'S CONSOLATION LADDER,2,ROUND 3 | NFL WEEK 17,1,16,,False,6,12,Team Ryan,95.42,W,4,5,Team Goff Balls,86.46,L
2022,WINNER'S CONSOLATION LADDER,3,,1,17,,False,2,11,THE EMPIRE DID NOTHING WRONG!1,137.18,W,1,2,Allen Wrenches,57.5,L
2022,WINNER'S CONSOLATION LADDER,3,,2,17,,False,6,12,Team Ryan,135.76,W,4,5,Team Goff Balls,109.8,L
2022,CONSOLATION LADDER,1,ROUND 1 | NFL WEEK 15,1,15,"GmC1 - W to GmC4, L to GmC5",False,8,1,Drake @ London O2,132.3,W,7,9,Team Seattle,128.44,L
2022,CONSOLATION LADDER,1,ROUND 1 | NFL WEEK 15,2,15,"GmC2 - W to GmC4, L to GmC6",False,10,3,THE 🅱️AKE SHOW,124.32,W,9,10,Juulio Jones,107.1,L
2022,CONSOLATION LADDER,1,ROUND 1 | NFL WEEK 15,3,15,"GmC3 - W to GmC5, L to GmC6",False,12,6,Diggs In a Blanket,131.2,W,11,7,Hunter Gatherer,47.82,L
2022,CONSOLATION LADDER,2,ROUND 2 | NFL WEEK 16,1,16,"GmC4 - W to GmC7, L to GmC8",False,10,3,THE 🅱️AKE SHOW,129.66,L,8,1,Drake @ London O2,148.36,W
2022,CONSOLATION LADDER,2,ROUND 2 | NFL WEEK 16,2,16,"GmC5 - W to GmC7, L to GmC9",False,12,6,Diggs In a Blanket,93.96,L,7,9,Team Seattle,163.36,W
2022,CONSOLATION LADDER,2,ROUND 2 | NFL WEEK 16,3,16,"GmC6 - W to GmC8, L to GmC9",False,11,7,Hunter Gatherer,81,W,9,10,Juulio Jones,68.2,L
2022,CONSOLATION LADDER,3,ROUND 3 | NFL WEEK 17,1,17,GmC7,False,8,1,Drake @ London O2,109.88,W,7,9,Team Seattle,97.42,L
2022,CONSOLATION LADDER,3,ROUND 3 | NFL WEEK 17,2,17,GmC8,False,11,7,Hunter Gatherer,68.78,L,10,3,THE 🅱️AKE SHOW,97.58,W
2022,CONSOLATION LADDER,3,ROUND 3 | NFL WEEK 17,3,17,GmC9,False,12,6,Diggs In a Blanket,64.9,L,9,10,Juulio Jones,101.2,W
2023,WINNER'S BRACKET,1,ROUND 1 | NFL WEEK 15,1,15,,True,1,3,Team Rex,,L,,,BYE,,L
2023,WINNER'S BRACKET,1,ROUND 1 | NFL WEEK 15,2,15,,False,5,4,The Ascension To Evan(s),97.76,L,4,2,Hurts Rent a Carr,133.42,W
2023,WINNER'S BRACKET,1,ROUND 1 | NFL WEEK 15,3,15,,False,6,8,Rex On Rex,106.58,L,3,6,Bed Bath and Bijan,106.64,W
2023,WINNER'S BRACKET,1,ROUND 1 | NFL WEEK 15,4,15,,True,2,1,Your Wildest Fantasy (Football),,L,,,BYE,,L
2023,WINNER'S BRACKET,2,ROUND 2 | NFL WEEK 16,1,16,,False,4,2,Hurts Rent a Carr,141.24,W,1,3,Team Rex,101.9,L
2023,WINNER'S BRACKET,2,ROUND 2 | NFL WEEK 16,2,16,,False,3,6,Bed Bath and Bijan,109.98,W,2,1,Your Wildest Fantasy (Football),76.52,L
2023,WINNER'S BRACKET,3,CHAMPIONSHIP | NFL WEEK 17,1,17,,False,4,2,Hurts Rent a Carr,99.48,L,3,6,Bed Bath and Bijan,179.04,W
2023,WINNER'S CONSOLATION LADDER,2,ROUND 3 | NFL WEEK 17,1,16,,False,6,8,Rex On Rex,103.9,L,5,4,The Ascension To Evan(s),122.52,W
2023,WINNER'S CONSOLATION LADDER,3,,1,17,,False,2,1,Your Wildest Fantasy (Football),112.28,W,1,3,Team Rex,88.28,L
2023,WINNER'S CONSOLATION LADDER,3,,2,17,,False,6,8,Rex On Rex,119.7,W,5,4,The Ascension To Evan(s),105.9,L
2023,CONSOLATION LADDER,1,ROUND 1 | NFL WEEK 15,1,15,"GmC1 - W to GmC4, L to GmC5",False,8,5,Team Goff Balls,115.36,W,7,11,THE EMPIRE DID NOTHING WRONG!1,81.7,L
2023,CONSOLATION LADDER,1,ROUND 1 | NFL WEEK 15,2,15,"GmC2 - W to GmC4, L to GmC6",False,10,7,Judge Jeudy,96.92,W,9,12,Team Ryan,85.26,L
2023,CONSOLATION LADDER,1,ROUND 1 | NFL WEEK 15,3,15,"GmC3 - W to GmC5, L to GmC6",False,12,9,The Adams Family,89.16,L,11,10,Juulio Jones,130.26,W
2023,CONSOLATION LADDER,2,ROUND 2 | NFL WEEK 16,1,16,"GmC4 - W to GmC7, L to GmC8",False,10,7,Judge Jeudy,142.12,W,8,5,Team Goff Balls,61.06,L
2023,CONSOLATION LADDER,2,ROUND 2 | NFL WEEK 16,2,16,"GmC5 - W to GmC7, L to GmC9",False,11,10,Juulio Jones,144.52,L,7,11,THE EMPIRE DID NOTHING WRONG!1,156.8,W
2023,CONSOLATION LADDER,2,ROUND 2 | NFL WEEK 16,3,16,"GmC6 - W to GmC8, L to GmC9",False,12,9,The Adams Family,93.68,L,9,12,Team Ryan,149.12,W
2023,CONSOLATION LADDER,3,ROUND 3 | NFL WEEK 17,1,17,GmC7,False,10,7,Judge Jeudy,96.1,L,7,11,THE EMPIRE DID NOTHING WRONG!1,111.5,W
2023,CONSOLATION LADDER,3,ROUND 3 | NFL WEEK 17,2,17,GmC8,False,9,12,Team Ryan,99.56,L,8,5,Team Goff Balls,147.14,W
2023,CONSOLATION LADDER,3,ROUND 3 | NFL WEEK 17,3,17,GmC9,False,12,9,The Adams Family,110.76,L,11,10,Juulio Jones,117.78,W
2024,WINNER'S BRACKET,1,ROUND 1 | NFL WEEK 15,1,15,,True,1,6,Pulled McCaff,,L,,,BYE,,L
2024,WINNER'S BRACKET,1,ROUND 1 | NFL WEEK 15,2,15,,False,5,3,Team Rex,162.54,W,4,8,Rex On Rex,113.76,L
2024,WINNER'S BRACKET,1,ROUND 1 | NFL WEEK 15,3,15,,False,6,1,DK's Adventures,112.4,L,3,5,Goff Balls,129.1,W
2024,WINNER'S BRACKET,1,ROUND 1 | NFL WEEK 15,4,15,,True,2,10,Juulio Jones,,L,,,BYE,,L
2024,WINNER'S BRACKET,2,ROUND 2 | NFL WEEK 16,1,16,,False,5,3,Team Rex,152.22,W,1,6,Pulled McCaff,102.62,L
2024,WINNER'S BRACKET,2,ROUND 2 | NFL WEEK 16,2,16,,False,3,5,Goff Balls,136.74,L,2,10,Juulio Jones,183.24,W
2024,WINNER'S BRACKET,3,CHAMPIONSHIP | NFL WEEK 17,1,17,,False,5,3,Team Rex,132.98,L,2,10,Juulio Jones,162.16,W
2024,WINNER'S CONSOLATION LADDER,2,ROUND 3 | NFL WEEK 17,1,16,,False,6,1,DK's Adventures,95.38,L,4,8,Rex On Rex,161.64,W
2024,WINNER'S CONSOLATION LADDER,3,,1,17,,False,3,5,Goff Balls,106.5,W,1,6,Pulled McCaff,105.68,L
2024,WINNER'S CONSOLATION LADDER,3,,2,17,,False,6,1,DK's Adventures,107.42,L,4,8,Rex On Rex,121.38,W
2024,CONSOLATION LADDER,1,ROUND 1 | NFL WEEK 15,1,15,"GmC1 - W to GmC4, L to GmC5",False,8,7,LaPorta John,124.74,W,7,12,Wet Willies,116.86,L
2024,CONSOLATION LADDER,1,ROUND 1 | NFL WEEK 15,2,15,"GmC2 - W to GmC4, L to GmC6",False,10,11,THE EMPIRE DID NOTHING WRONG!1,140.26,W,9,2,Moore Than A. Thielen,122.48,L
2024,CONSOLATION LADDER,1,ROUND 1 | NFL WEEK 15,3,15,"GmC3 - W to GmC5, L to GmC6",False,12,4,Hall of Heroes,130.06,W,11,9,Phresh Meat,78.3,L
2024,CONSOLATION LADDER,2,ROUND 2 | NFL WEEK 16,1,16,"GmC4 - W to GmC7, L to GmC8",False,10,11,THE EMPIRE DID NOTHING WRONG!1,110.3,L,8,7,LaPorta John,161.68,W
2024,CONSOLATION LADDER,2,ROUND 2 | NFL WEEK 16,2,16,"GmC5 - W to GmC7, L to GmC9",False,12,4,Hall of Heroes,88.48,L,7,12,Wet Willies,110.98,W
2024,CONSOLATION LADDER,2,ROUND 2 | NFL WEEK 16,3,16,"GmC6 - W to GmC8, L to GmC9",False,11,9,Phresh Meat,92,L,9,2,Moore Than A. Thielen,94.16,W
2024,CONSOLATION LADDER,3,ROUND 3 | NFL WEEK 17,1,17,GmC7,False,8,7,LaPorta John,128.38,W,7,12,Wet Willies,107.3,L
2024,CONSOLATION LADDER,3,ROUND 3 | NFL WEEK 17,2,17,GmC8,False,10,11,THE EMPIRE DID NOTHING WRONG!1,129.1,W,9,2,Moore Than A. Thielen,110.18,L
2024,CONSOLATION LADDER,3,ROUND 3 | NFL WEEK 17,3,17,GmC9,False,12,4,Hall of Heroes,92.14,L,11,9,Phresh Meat,146.5,W
2025,WINNER'S BRACKET,1,ROUND 1 | NFL WEEK 15,1,15,,True,1,4,Pukana Matatas,,L,,,BYE,,L
2025,WINNER'S BRACKET,1,ROUND 1 | NFL WEEK 15,2,15,,False,5,12,Wet Willies,150.04,W,4,2,Eat The Boutte Like Groceries,128.72,L
2025,WINNER'S BRACKET,1,ROUND 1 | NFL WEEK 15,3,15,,False,6,10,Juulio Jones,108.48,L,3,8,Rex On Rex,115.42,W
2025,WINNER'S BRACKET,1,ROUND 1 | NFL WEEK 15,4,15,,True,2,6,OnlyFannins,,L,,,BYE,,L
2025,WINNER'S BRACKET,2,ROUND 2 | NFL WEEK 16,1,16,,False,5,12,Wet Willies,105.12,L,1,4,Pukana Matatas,191,W
2025,WINNER'S BRACKET,2,ROUND 2 | NFL WEEK 16,2,16,,False,3,8,Rex On Rex,111.9,W,2,6,OnlyFannins,85.22,L
2025,WINNER'S BRACKET,3,CHAMPIONSHIP | NFL WEEK 17,1,17,,False,3,8,Rex On Rex,118.68,L,1,4,Pukana Matatas,146.02,W
2025,WINNER'S CONSOLATION LADDER,2,ROUND 3 | NFL WEEK 17,1,16,,False,6,10,Juulio Jones,127.66,L,4,2,Eat The Boutte Like Groceries,138.88,W
2025,WINNER'S CONSOLATION LADDER,3,,1,17,,False,5,12,Wet Willies,105.58,W,2,6,OnlyFannins,84.58,L
2025,WINNER'S CONSOLATION LADDER,3,,2,17,,False,6,10,Juulio Jones,100.78,L,4,2,Eat The Boutte Like Groceries,121.36,W
2025,CONSOLATION LADDER,1,ROUND 1 | NFL WEEK 15,1,15,"GmC1 - W to GmC4, L to GmC5",False,8,3,Team Rex,143.64,W,7,11,Shayshawn Broccoli,72.9,L
2025,CONSOLATION LADDER,1,ROUND 1 | NFL WEEK 15,2,15,"GmC2 - W to GmC4, L to GmC6",False,10,5,Goff Balls,79.3,L,9,1,Meet The Robinson's,116.86,W
2025,CONSOLATION LADDER,1,ROUND 1 | NFL WEEK 15,3,15,"GmC3 - W to GmC5, L to GmC6",False,12,9,Two-Point Conversion Therapy,127.7,W,11,7,Kittle League,115.1,L
2025,CONSOLATION LADDER,2,ROUND 2 | NFL WEEK 16,1,16,"GmC4 - W to GmC7, L to GmC8",False,9,1,Meet The Robinson's,108.46,L,8,3,Team Rex,134.68,W
2025,CONSOLATION LADDER,2,ROUND 2 | NFL WEEK 16,2,16,"GmC5 - W to GmC7, L to GmC9",False,12,9,Two-Point Conversion Therapy,114.36,W,7,11,Shayshawn Broccoli,94.6,L
2025,CONSOLATION LADDER,2,ROUND 2 | NFL WEEK 16,3,16,"GmC6 - W to GmC8, L to GmC9",False,11,7,Kittle League,94.96,W,10,5,Goff Balls,80.1,L
2025,CONSOLATION LADDER,3,ROUND 3 | NFL WEEK 17,1,17,GmC7,False,12,9,Two-Point Conversion Therapy,125.6,L,8,3,Team Rex,134.52,W
2025,CONSOLATION LADDER,3,ROUND 3 | NFL WEEK 17,2,17,GmC8,False,11,7,Kittle League,82.42,L,9,1,Meet The Robinson's,150.48,W
2025,CONSOLATION LADDER,3,ROUND 3 | NFL WEEK 17,3,17,GmC9,False,10,5,Goff Balls,50.7,L,7,11,Shayshawn Broccoli,75.74,W
