season,rank,division,divisionRank,team,owners,record,winPct,gamesBack,playoffPct,pf,pa,pfPerGame,paPerGame,diff,divisionRecord,homeRecord,awayRecord,streak,moves,snapshot_status,as_of
2017,1,,,The Ballad of Younghoe Koo,Tim Harris,11-3-0,,,,1945.14,1476.72,138.9,105.5,33.5,,,,,,final,
2017,2,,,Tom's Deflated Balls,Tomotaka Cho,8-6-0,,,,1708.96,1712.5,122.1,122.3,-0.3,,,,,,final,
2017,3,,,Rigga Please,Jack Coffman,9-5-0,,,,1779.62,1740.08,127.1,124.3,2.8,,,,,,final,
2017,4,,,KAREEM THE DREAM,Abraham Hill,10-4-0,,,,1848.24,1462.2,132,104.4,27.6,,,,,,final,
2017,5,,,Rex On Rex,Liam Rex,8-6-0,,,,1611.5,1537.04,115.1,109.8,5.3,,,,,,final,
2017,6,,,The Juice Is Loose,John Olson,9-5-0,,,,1670.58,1484.6,119.3,106,13.3,,,,,,final,
2017,7,,,Team Seattle,Sam Kumar,3-11-0,,,,1328.12,1661.08,94.9,118.6,-23.8,,,,,,final,
2017,8,,,Acute Gronkitis,Jackson Herz,5-9-0,,,,1447.46,1637.38,103.4,117,-13.6,,,,,,final,
2017,9,,,Team Ryan,Tim Ryan | Paul Ryan,7-7-0,,,,1709.92,1629.72,122.1,116.4,5.7,,,,,,final,
2017,10,,,Team Eckler,Drew Eckler | Andrew Eckler,2-12-0,,,,1277.24,1633.84,91.2,116.7,-25.5,,,,,,final,
2017,11,,,THE EMPIRE DID NOTHING WRONG!1,Daniel Meyer,7-7-0,,,,1751.36,1687.76,125.1,120.6,4.5,,,,,,final,
2017,12,,,Team Subbukumar,Seamus Mulcahy,5-9-0,,,,1246.5,1661.72,89,118.7,-29.7,,,,,,final,
2018,1,,,THE EMPIRE DID NOTHING WRONG!1,Daniel Meyer,9-4-0,,,,1671,1310,128.5,100.8,27.8,,,,,,final,
2018,2,,,Team Goff Balls,Drew Eckler | Andrew Eckler,8-5-0,,,,1421,1479,109.3,113.8,-4.5,,,,,,final,
2018,3,,,The Bake Show,Tom Cummins,10-2-1,,,,1782,1387,137.1,106.7,30.4,,,,,,final,
2018,4,,,Rex On Rex,Liam Rex,9-4-0,,,,1700,1547,130.8,119,11.8,,,,,,final,
2018,5,,,The Juice Is Loose,John Olson,8-5-0,,,,1498,1351,115.2,103.9,11.3,,,,,,final,
2018,6,,,Tom's Deflated Balls,Tomotaka Cho,9-4-0,,,,1624,1383,124.9,106.4,18.5,,,,,,final,
2018,7,,,Rigga Please,Jack Coffman,7-6-0,,,,1408,1314,108.3,101.1,7.2,,,,,,final,
2018,8,,,Team Seattle,Sam Kumar,0-13-0,,,,955,1728,73.5,132.9,-59.5,,,,,,final,
2018,9,,,The Ballad of Younghoe Koo,Tim Harris,6-7-0,,,,1345,1303,103.5,100.2,3.2,,,,,,final,
2018,10,,,Team Ryan,Tim Ryan | Paul Ryan,3-10-0,,,,1290,1366,99.2,105.1,-5.8,,,,,,final,
2018,11,,,Newtonâs Law of Winning,Jackson Herz,7-5-1,,,,1594,1484,122.6,114.2,8.5,,,,,,final,
2018,12,,,Juulio Jones,Seamus Mulcahy,1-12-0,,,,925,1561,71.2,120.1,-48.9,,,,,,final,
2019,1,,,The Bake Show,Tom Cummins,8-5-0,,,,1367,1358,105.2,104.5,0.7,4-2-0,4-3-0,4-2-0,L1,31,final,
2019,2,,,Team Goff Balls,Drew Eckler | Andrew Eckler,8-4-1,,,,1383,1290,106.4,99.2,7.2,4-1-1,3-2-1,5-2-0,W1,29,final,
2019,3,,,Team Ryan,Tim Ryan | Paul Ryan,8-5-0,,,,1521,1397,117,107.5,9.5,3-3-0,5-2-0,3-3-0,W1,7,final,
2019,4,,,THE EMPIRE DID NOTHING WRONG!1,Daniel Meyer,11-2-0,,,,1568,1339,120.6,103,17.6,5-1-0,6-1-0,5-1-0,L1,33,final,
2019,5,,,The Guice Is Loose,Tim Harris,8-5-0,,,,1380,1409,106.2,108.4,-2.2,3-3-0,4-2-0,4-3-0,W1,23,final,
2019,6,,,The Juice Is Loose,John Olson,7-5-1,,,,1435,1336,110.4,102.8,7.6,2-3-1,3-3-0,4-2-1,W1,9,final,
2019,7,,,David Ants In My Eyes Johnson,Jackson Herz,5-8-0,,,,1516,1474,116.6,113.4,3.2,3-3-0,2-5-0,3-3-0,L2,22,final,
2019,8,,,Rex On Rex,Liam Rex,6-7-0,,,,1565,1478,120.4,113.7,6.7,2-4-0,4-2-0,2-5-0,L1,15,final,
2019,9,,,Danny Dimes,Tomotaka Cho,5-8-0,,,,1347,1543,103.6,118.7,-15.1,2-4-0,2-4-0,3-4-0,W2,35,final,
2019,10,,,Team Seattle,Sam Kumar,4-9-0,,,,1196,1342,92,103.2,-11.2,2-4-0,0-6-0,4-3-0,W1,0,final,
2019,11,,,Rigga Please,Jack Coffman,4-9-0,,,,1238,1351,95.2,103.9,-8.7,3-3-0,1-6-0,3-3-0,L1,20,final,
2019,12,,,Juulio Jones,Seamus Mulcahy | Seamus Mulcahy,3-10-0,,,,1249,1448,96.1,111.4,-15.3,2-4-0,1-6-0,2-4-0,L7,0,final,
2020,1,,,Rex On Rex,Liam Rex,9-4-0,,,,1712.32,1631.46,131.7,125.5,6.2,5-1-0,5-1-0,4-3-0,W2,24,final,
2020,2,,,The Juice Is Loose,John Olson,9-4-0,,,,1721.94,1435.14,132.5,110.4,22.1,5-1-0,4-2-0,5-2-0,L1,3,final,
2020,3,,,THE EMPIRE DID NOTHING WRONG!1,Daniel Meyer,9-4-0,,,,1663.88,1577.42,128,121.3,6.7,6-0-0,5-2-0,4-2-0,W3,29,final,
2020,4,,,Juulio Jones,Seamus Mulcahy | Seamus Mulcahy,9-4-0,,,,1540.26,1379.92,118.5,106.1,12.3,5-1-0,4-3-0,5-1-0,W3,25,final,
2020,5,,,Whats up Mahomie,Tomotaka Cho,7-6-0,,,,1589.12,1590,122.2,122.3,-0.1,2-4-0,2-4-0,5-2-0,L1,17,final,
2020,6,,,THE 🅱️AKE SHOW,Tom Cummins,9-4-0,,,,1628.12,1404.98,125.2,108.1,17.2,5-1-0,5-2-0,4-2-0,W4,23,final,
2020,7,,,Davante's Inferno,Jackson Herz,6-7-0,,,,1468.8,1502.38,113,115.6,-2.6,2-4-0,5-2-0,1-5-0,W1,51,final,
2020,8,,,Team Seattle,Sam Kumar,3-10-0,,,,1294.14,1480.68,99.5,113.9,-14.3,2-4-0,1-5-0,2-5-0,L6,12,final,
2020,9,,,Rigga Please,Jack Coffman,5-8-0,,,,1445.22,1613.36,111.2,124.1,-12.9,1-5-0,2-5-0,3-3-0,L4,23,final,
2020,10,,,Team Ryan,Tim Ryan | Paul Ryan,2-11-0,,,,1381.74,1627.78,106.3,125.2,-18.9,0-6-0,1-6-0,1-5-0,L6,7,final,
2020,11,,,Team Goff Balls,Drew Eckler | Andrew Eckler,6-7-0,,,,1504.7,1539.22,115.7,118.4,-2.7,1-5-0,2-4-0,4-3-0,W1,26,final,
2020,12,,,Ninth Circle of Helaire,Tim Harris,4-9-0,,,,1431.02,1598.92,110.1,123,-12.9,2-4-0,1-5-0,3-4-0,L2,27,final,
2021,1,,,Juulio Jones,Seamus Mulcahy | Seamus Mulcahy,10-4-0,,,,1789.78,1565.54,127.8,111.8,16,3-3-0,6-2-0,4-2-0,L2,6,final,
2021,2,,,Storm Coopers,Jackson Herz,13-1-0,,,,2037.38,1570.04,145.5,112.1,33.4,6-1-0,7-0-0,6-1-0,W12,31,final,
2021,3,,,The Juice Is Loose,John Olson,8-6-0,,,,1651.28,1539.8,117.9,110,8,4-2-0,4-3-0,4-3-0,L1,6,final,
2021,4,,,Team Goff Balls,Drew Eckler | Andrew Eckler,7-7-0,,,,1573.88,1607.28,112.4,114.8,-2.4,3-3-0,3-3-0,4-4-0,W1,33,final,
2021,5,,,Rex On Rex,Liam Rex,8-6-0,,,,1650.32,1630.14,117.9,116.4,1.4,6-1-0,5-1-0,3-5-0,L1,27,final,
2021,6,,,cancelled -,Jack Coffman,7-7-0,,,,1583.88,1476.86,113.1,105.5,7.6,2-4-0,3-4-0,4-3-0,W2,31,final,
2021,7,,,Team Ryan,Tim Ryan | Paul Ryan,6-8-0,,,,1550.2,1548.88,110.7,110.6,0.1,2-5-0,2-4-0,4-4-0,W1,10,final,
2021,8,,,THE EMPIRE DID NOTHING WRONG!1,Daniel Meyer,6-8-0,,,,1651.44,1716.02,118,122.6,-4.6,5-2-0,4-3-0,2-5-0,L2,14,final,
2021,9,,,Electric Bass,Tim Harris,5-9-0,,,,1589.96,1686.64,113.6,120.5,-6.9,2-5-0,4-3-0,1-6-0,L1,21,final,
2021,10,,,Team Seattle,Sam Kumar,5-9-0,,,,1573.54,1749.48,112.4,125,-12.6,2-5-0,5-3-0,0-6-0,W1,13,final,
2021,11,,,Justin Herbert,Tomotaka Cho,4-10-0,,,,1393.36,1633.7,99.5,116.7,-17.2,1-6-0,3-5-0,1-5-0,W3,13,final,
2021,12,,,THE 🅱️AKE SHOW,Tom Cummins,5-9-0,,,,1295.3,1615.94,92.5,115.4,-22.9,4-3-0,4-3-0,1-6-0,L3,16,final,
2022,1,,,Violence Of The Lambs,Jackson Herz,9-5-0,,,,1734.04,1618.64,123.9,115.6,8.2,4-1-0,6-2-0,3-3-0,L1,46,final,
2022,2,,,Rex On Rex,Liam Rex,7-7-0,,,,1605,1560.7,114.6,111.5,3.2,3-2-0,2-3-0,5-4-0,W1,24,final,
2022,3,,,THE EMPIRE DID NOTHING WRONG!1,Daniel Meyer,9-5-0,,,,1593.78,1507.64,113.8,107.7,6.2,4-1-0,5-2-0,4-3-0,L2,10,final,
2022,4,,,Allen Wrenches,Tim Harris,9-5-0,,,,1596.64,1491.04,114,106.5,7.5,4-1-0,5-2-0,4-3-0,W1,13,final,
2022,5,,,Team Ryan,Tim Ryan | Paul Ryan,7-7-0,,,,1597.18,1534,114.1,109.6,4.5,2-3-0,5-2-0,2-5-0,L1,8,final,
2022,6,,,Team Goff Balls,Drew Eckler | Andrew Eckler,7-7-0,,,,1630.08,1530.88,116.4,109.3,7.1,2-3-0,2-4-0,5-3-0,W1,28,final,
2022,7,,,Drake @ London O2,Tomotaka Cho,7-7-0,,,,1582.5,1603.56,113,114.5,-1.5,2-3-0,2-4-0,5-3-0,L1,29,final,
2022,8,,,Team Seattle,Sam Kumar,7-7-0,,,,1591.72,1561.74,113.7,111.6,2.1,2-3-0,5-3-0,2-4-0,W4,6,final,
2022,9,,,THE 🅱️AKE SHOW,Tom Cummins,6-8-0,,,,1559.84,1695.66,111.4,121.1,-9.7,2-3-0,2-5-0,4-3-0,W1,1,final,
2022,10,,,Hunter Gatherer,John Olson,5-9-0,,,,1479.68,1631.76,105.7,116.6,-10.9,1-4-0,2-6-0,3-3-0,W3,9,final,
2022,11,,,Juulio Jones,Seamus Mulcahy | Seamus Mulcahy,6-8-0,,,,1422.02,1528.68,101.6,109.2,-7.6,2-3-0,4-4-0,2-4-0,L1,7,final,
2022,12,,,Diggs In a Blanket,Jack Coffman,5-9-0,,,,1640.06,1768.24,117.1,126.3,-9.2,2-3-0,3-4-0,2-5-0,L4,19,final,
2023,1,,,Bed Bath and Bijan,Jack Coffman,10-4-0,,,,1737.36,1598.66,124.1,114.2,9.9,3-2-0,7-0-0,3-4-0,W3,25,final,
2023,2,,,Hurts Rent a Carr,Tim Harris,8-6-0,,,,1593.04,1481.62,113.8,105.8,8,2-3-0,5-2-0,3-4-0,W1,31,final,
2023,3,,,Your Wildest Fantasy (Football),Tomotaka Cho | Will Cordonnier,9-5-0,,,,1727.02,1640.1,123.4,117.1,6.2,3-2-0,4-2-0,5-3-0,L1,16,final,
2023,4,,,Team Rex,Peter Rex,10-4-0,,,,1833.82,1565.12,131,111.8,19.2,3-2-0,5-2-0,5-2-0,W2,30,final,
2023,5,,,Rex On Rex,Liam Rex,7-7-0,,,,1652.94,1528.9,118.1,109.2,8.9,2-3-0,2-3-0,5-4-0,L1,22,final,
2023,6,,,The Ascension To Evan(s),Jackson Herz,7-7-0,,,,1661.94,1591.16,118.7,113.7,5.1,1-4-0,5-3-0,2-4-0,W1,38,final,
2023,7,,,THE EMPIRE DID NOTHING WRONG!1,Daniel Meyer,7-7-0,,,,1630.94,1702.08,116.5,121.6,-5.1,2-3-0,6-1-0,1-6-0,W4,11,final,
2023,8,,,Judge Jeudy,John Olson,5-9-0,,,,1475.58,1717.58,105.4,122.7,-17.3,4-1-0,3-5-0,2-4-0,L7,7,final,
2023,9,,,Team Goff Balls,Drew Eckler | Andrew Eckler,7-7-0,,,,1552.68,1595.96,110.9,114,-3.1,3-2-0,5-1-0,2-6-0,L1,31,final,
2023,10,,,Team Ryan,Tim Ryan | Paul Ryan,5-9-0,,,,1627.58,1719.92,116.3,122.9,-6.6,2-3-0,3-4-0,2-5-0,W1,4,final,
2023,11,,,Juulio Jones,Seamus Mulcahy | Seamus Mulcahy,5-9-0,,,,1365.28,1574.4,97.5,112.5,-14.9,3-2-0,3-5-0,2-4-0,L2,22,final,
2023,12,,,The Adams Family,Sam Kumar,4-10-0,,,,1459.68,1602.36,104.3,114.5,-10.2,2-3-0,4-4-0,0-6-0,L3,2,final,
2024,1,,,Juulio Jones,Seamus Mulcahy | Seamus Mulcahy,8-6-0,,,,1580.5,1610.64,112.9,115,-2.2,3-2-0,6-2-0,2-4-0,L2,26,final,
2024,2,,,Team Rex,Peter Rex,8-6-0,,,,1605.38,1632.12,114.7,116.6,-1.9,3-2-0,5-2-0,3-4-0,L1,44,final,
2024,3,,,Goff Balls,Drew Eckler | Andrew Eckler,9-5-0,,,,1703.42,1599.56,121.7,114.3,7.4,2-3-0,4-2-0,5-3-0,W3,22,final,
2024,4,,,Pulled McCaff,Jack Coffman,10-4-0,,,,1722.56,1451,123,103.6,19.4,3-2-0,5-2-0,5-2-0,W5,21,final,
2024,5,,,Rex On Rex,Liam Rex,8-6-0,,,,1611.78,1555.02,115.1,111.1,4.1,3-2-0,3-2-0,5-4-0,W3,29,final,
2024,6,,,DK's Adventures,Tomotaka Cho,7-7-0,,,,1641.38,1571.36,117.2,112.2,5,3-2-0,4-2-0,3-5-0,W2,29,final,
2024,7,,,LaPorta John,John Olson,6-8-0,,,,1693.7,1814.16,121,129.6,-8.6,1-4-0,3-5-0,3-3-0,L3,4,final,
2024,8,,,Wet Willies,Will Cordonnier,7-7-0,,,,1628.44,1717.96,116.3,122.7,-6.4,2-3-0,3-4-0,4-3-0,W2,9,final,
2024,9,,,THE EMPIRE DID NOTHING WRONG!1,Daniel Meyer,5-9-0,,,,1742.12,1792.74,124.4,128.1,-3.6,2-3-0,3-4-0,2-5-0,L5,12,final,
2024,10,,,Moore Than A. Thielen,Tim Harris,6-8-0,,,,1684.8,1655.22,120.3,118.2,2.1,2-3-0,2-5-0,4-3-0,W1,19,final,
2024,11,,,Phresh Meat,Parker Sikora,5-9-0,,,,1530.8,1703.24,109.3,121.7,-12.3,3-2-0,3-5-0,2-4-0,L3,21,final,
2024,12,,,Hall of Heroes,Jackson Herz,5-9-0,,,,1529.58,1571.44,109.3,112.2,-3,3-2-0,4-4-0,1-5-0,L5,27,final,
2025,1,,,Pukana Matatas,Jackson Herz,10-4-0,,,,1978.52,1693.46,141.3,121,20.4,4-1-0,5-3-0,5-1-0,W1,17,final,
2025,2,,,Rex On Rex,Liam Rex,8-6-0,,,,1633.94,1622.32,116.7,115.9,0.8,3-2-0,3-2-0,5-4-0,W2,23,final,
2025,3,,,Wet Willies,Will Cordonnier,7-7-0,,,,1601.98,1569.46,114.4,112.1,2.3,4-1-0,4-3-0,3-4-0,L2,13,final,
2025,4,,,OnlyFannins,Jack Coffman,9-5-0,,,,1582.92,1541.28,113.1,110.1,3,3-2-0,5-2-0,4-3-0,W4,28,final,
2025,5,,,Eat The Boutte Like Groceries,Tim Harris,7-7-0,,,,1604.14,1669.28,114.6,119.2,-4.7,3-2-0,3-4-0,4-3-0,W2,22,final,
2025,6,,,Juulio Jones,Seamus Mulcahy | Seamus Mulcahy,7-7-0,,,,1593.54,1557.48,113.8,111.2,2.6,2-3-0,3-5-0,4-2-0,L3,23,final,
2025,7,,,Team Rex,Peter Rex,6-8-0,,,,1644.58,1695.2,117.5,121.1,-3.6,1-4-0,3-4-0,3-4-0,W2,39,final,
2025,8,,,Two-Point Conversion Therapy,Parker Sikora,5-9-0,,,,1510.84,1679,107.9,119.9,-12,2-3-0,2-6-0,3-3-0,L2,23,final,
2025,9,,,Meet The Robinson's,Tomotaka Cho,6-8-0,,,,1614.16,1578.44,115.3,112.7,2.6,1-4-0,3-3-0,3-5-0,L2,48,final,
2025,10,,,Kittle League,John Olson,6-8-0,,,,1438.78,1536.02,102.8,109.7,-6.9,3-2-0,4-4-0,2-4-0,W1,7,final,
2025,11,,,Shayshawn Broccoli,Ethan Ashley,7-7-0,,,,1473.9,1482.7,105.3,105.9,-0.6,3-2-0,3-4-0,4-3-0,L1,7,final,
2025,12,,,Goff Balls,Drew Eckler | Andrew Eckler,6-8-0,,,,1469.56,1522.22,105,108.7,-3.8,1-4-0,3-3-0,3-5-0,L1,24,final,
2026,,West,1,Jacks On - Jax Off,Jackson Herz,3-0-0,1,--,85,410.06,343.46,,,,2-0-0,2-0-0,1-0-0,W3,1,in-progress after Week 3; Week 4 active,2026-10-02
2026,,East,1,Rex On Rex,Liam Rex,3-0-0,1,--,84,406.06,309.66,,,,2-0-0,1-0-0,2-0-0,W3,4,in-progress after Week 3; Week 4 active,2026-10-02
2026,,West,2,Gibbs Me Moore,Peter Rex,2-1-0,0.667,1,74,454.84,327.48,,,,1-0-0,2-0-0,0-1-0,L1,9,in-progress after Week 3; Week 4 active,2026-10-02
2026,,East,2,Wet Willies,Will Cordonnier,2-1-0,0.667,1,69,395.08,400.56,,,,2-0-0,2-0-0,0-1-0,W1,3,in-progress after Week 3; Week 4 active,2026-10-02
2026,,East,3,Juulio Jones,Seamus Mulcahy | Seamus Mulcahy,2-1-0,0.667,1,55,348.6,307.74,,,,0-0-0,1-1-0,1-0-0,W2,2,in-progress after Week 3; Week 4 active,2026-10-02
2026,,East,4,You May Kiss McBride,Tomotaka Cho,2-1-0,0.667,1,56,336.78,324.66,,,,0-0-0,0-1-0,2-0-0,L1,14,in-progress after Week 3; Week 4 active,2026-10-02
2026,,West,3,Peloton Pickens,Tim Harris,2-1-0,0.667,1,59,322.6,349.66,,,,0-1-0,2-0-0,0-1-0,W2,9,in-progress after Week 3; Week 4 active,2026-10-02
2026,,West,4,Shayshawn Broccoli,Ethan Ashley,2-1-0,0.667,1,53,295.18,304,,,,1-0-0,0-1-0,2-0-0,W1,2,in-progress after Week 3; Week 4 active,2026-10-02
2026,,East,5,The Price is Wrong,Jack Coffman,0-3-0,0,3,17,322.46,403.82,,,,0-2-0,0-1-0,0-2-0,L3,8,in-progress after Week 3; Week 4 active,2026-10-02
2026,,West,5,Kittle League,John Olson,0-3-0,0,3,10,311.52,377.58,,,,0-1-0,0-1-0,0-2-0,L3,1,in-progress after Week 3; Week 4 active,2026-10-02
2026,,West,6,Love Hurts,Parker Sikora,0-3-0,0,3,17,291.4,336.1,,,,0-2-0,0-2-0,0-1-0,L3,5,in-progress after Week 3; Week 4 active,2026-10-02
2026,,East,6,McConkey Kong,Drew Eckler | Andrew Eckler,0-3-0,0,3,22,286.6,396.46,,,,0-2-0,0-1-0,0-2-0,L3,7,in-progress after Week 3; Week 4 active,2026-10-02
