season,acquisitions,activations,drops,irMoves,losses,team,trades
2017,,,,,1,"1
	
Pukana Matatas
	10-4-0",
2017,,,,,2,"2
	
Rex On Rex
	8-6-0",
2017,,,,,3,"3
	
Wet Willies
	7-7-0",
2017,,,,,4,"4
	
OnlyFannins
	9-5-0",
2017,,,,,5,"5
	
Eat The Boutte Like Groceries
	7-7-0",
2017,,,,,6,"6
	
Juulio Jones
	7-7-0",
2017,,,,,7,"7
	
Team Rex
	6-8-0",
2017,,,,,8,"8
	
Two-Point Conversion Therapy
	5-9-0",
2017,,,,,9,"9
	
Meet The Robinson's
	6-8-0",
2017,,,,,10,"10
	
Kittle League
	6-8-0",
2017,,,,,11,"11
	
Shayshawn Broccoli
	7-7-0",
2017,,,,,12,"12
	
Goff Balls
	6-8-0",
2018,,,,,1,"1
	
Pukana Matatas
	10-4-0",
2018,,,,,2,"2
	
Rex On Rex
	8-6-0",
2018,,,,,3,"3
	
Wet Willies
	7-7-0",
2018,,,,,4,"4
	
OnlyFannins
	9-5-0",
2018,,,,,5,"5
	
Eat The Boutte Like Groceries
	7-7-0",
2018,,,,,6,"6
	
Juulio Jones
	7-7-0",
2018,,,,,7,"7
	
Team Rex
	6-8-0",
2018,,,,,8,"8
	
Two-Point Conversion Therapy
	5-9-0",
2018,,,,,9,"9
	
Meet The Robinson's
	6-8-0",
2018,,,,,10,"10
	
Kittle League
	6-8-0",
2018,,,,,11,"11
	
Shayshawn Broccoli
	7-7-0",
2018,,,,,12,"12
	
Goff Balls
	6-8-0",
2019,35,55,33,7,8,Danny Dimes,3
2019,23,57,23,1,5,The Guice Is Loose,1
2019,31,41,30,2,5,The Bake Show,0
2019,22,59,22,0,8,David Ants In My Eyes Johnson,0
2019,29,56,29,1,4,Team Goff Balls,1
2019,20,42,20,2,9,Rigga Please,0
2019,9,31,10,3,5,The Juice Is Loose,0
2019,15,44,15,0,7,Rex On Rex,1
2019,0,10,0,0,9,Team Seattle,1
2019,0,0,0,0,10,Juulio Jones,0
2019,33,50,33,1,2,THE EMPIRE DID NOTHING WRONG!1,1
2019,7,24,7,0,5,Team Ryan,0
2020,17,35,16,3,6,Whats up Mahomie,1
2020,27,44,27,3,9,Ninth Circle of Helaire,0
2020,23,39,23,1,4,THE 🅱️AKE SHOW,0
2020,51,96,51,5,7,Davante's Inferno,0
2020,26,47,25,3,7,Team Goff Balls,0
2020,23,45,22,3,8,Rigga Please,1
2020,3,24,2,3,4,The Juice Is Loose,0
2020,24,62,24,1,4,Rex On Rex,1
2020,12,40,11,3,10,Team Seattle,1
2020,25,64,24,3,4,Juulio Jones,0
2020,29,59,29,1,4,THE EMPIRE DID NOTHING WRONG!1,0
2020,7,28,6,3,11,Team Ryan,0
2021,13,41,13,2,10,Justin Herbert,2
2021,21,56,20,9,9,Electric Bass,0
2021,16,37,15,1,9,THE 🅱️AKE SHOW,0
2021,31,57,31,2,1,Storm Coopers,0
2021,33,54,31,5,7,Team Goff Balls,3
2021,31,60,30,3,7,cancelled -,0
2021,6,27,5,1,6,The Juice Is Loose,0
2021,27,65,27,2,6,Rex On Rex,0
2021,13,49,13,3,9,Team Seattle,1
2021,6,31,6,1,4,Juulio Jones,0
2021,14,25,13,1,8,THE EMPIRE DID NOTHING WRONG!1,0
2021,10,28,9,3,8,Team Ryan,0
2022,29,43,28,5,7,Drake @ London O2,0
2022,13,43,12,6,5,Allen Wrenches,0
2022,1,3,1,0,8,THE 🅱️AKE SHOW,1
2022,46,81,47,6,5,Violence Of The Lambs,1
2022,28,59,30,1,7,Team Goff Balls,2
2022,19,37,18,4,9,Diggs In a Blanket,0
2022,9,43,9,2,9,Hunter Gatherer,1
2022,24,55,23,3,7,Rex On Rex,0
2022,6,36,5,2,7,Team Seattle,1
2022,7,29,6,1,8,Juulio Jones,0
2022,10,35,11,0,5,THE EMPIRE DID NOTHING WRONG!1,0
2022,8,47,7,1,7,Team Ryan,0
2023,16,34,17,0,5,Your Wildest Fantasy (Football),0
2023,31,47,29,4,6,Hurts Rent a Carr,1
2023,30,62,30,2,4,Team Rex,0
2023,38,74,37,3,7,The Ascension To Evan(s),2
2023,31,44,31,2,7,Team Goff Balls,3
2023,25,45,24,5,4,Bed Bath and Bijan,0
2023,7,27,6,2,9,Judge Jeudy,1
2023,22,69,22,2,7,Rex On Rex,0
2023,2,12,3,1,10,The Adams Family,1
2023,22,71,22,1,9,Juulio Jones,0
2023,11,42,11,0,7,THE EMPIRE DID NOTHING WRONG!1,0
2023,4,30,3,1,9,Team Ryan,0
2024,29,53,28,3,7,DK's Adventures,1
2024,19,46,18,6,8,Moore Than A. Thielen,1
2024,44,66,43,5,6,Team Rex,0
2024,27,52,26,5,9,Hall of Heroes,0
2024,22,44,22,3,5,Goff Balls,0
2024,21,33,20,5,4,Pulled McCaff,0
2024,4,32,4,1,8,LaPorta John,0
2024,29,53,29,2,6,Rex On Rex,0
2024,21,74,20,7,9,Phresh Meat,0
2024,26,65,25,2,6,Juulio Jones,0
2024,12,33,11,1,9,THE EMPIRE DID NOTHING WRONG!1,0
2024,9,39,9,0,7,Wet Willies,0
2025,48,72,49,6,8,Meet The Robinson's,4
2025,22,35,21,3,7,Eat The Boutte Like Groceries,0
2025,39,83,39,4,8,Team Rex,0
2025,17,42,19,6,4,Pukana Matatas,0
2025,24,46,25,4,8,Goff Balls,2
2025,28,48,28,8,5,OnlyFannins,1
2025,7,29,6,3,8,Kittle League,0
2025,23,76,24,5,6,Rex On Rex,0
2025,23,53,22,4,9,Two-Point Conversion Therapy,1
2025,23,55,23,2,7,Juulio Jones,0
2025,7,33,7,1,7,Shayshawn Broccoli,0
2025,13,38,13,4,7,Wet Willies,0
2026,14,12,14,2,1,You May Kiss McBride,0
2026,9,9,8,1,1,Peloton Pickens,1
2026,9,8,8,2,1,Gibbs Me Moore,0
2026,1,5,1,0,0,Jacks On - Jax Off,0
2026,7,5,6,1,3,McConkey Kong,0
2026,8,10,7,2,3,The Price is Wrong,1
2026,1,5,1,0,3,Kittle League,1
2026,4,10,3,1,0,Rex On Rex,1
2026,5,7,4,2,3,Love Hurts,0
2026,2,7,1,1,1,Juulio Jones,0
2026,2,9,3,0,1,Shayshawn Broccoli,0
2026,3,4,3,0,1,Wet Willies,0
